Text,Label
"I am a recruiter from a software company.",Pro
"HR manager looking for candidates with engineering backgrounds.",Pro
"I’m a talent acquisition specialist in the automotive sector.",Pro
"I’m a recruiter for a tech firm in need of engineers.",Pro
"Senior hiring manager in the renewable energy industry.",Pro
"I work in HR and am looking for a candidate skilled in computational engineering.",Pro
"I manage recruitment at a company specializing in materials science.",Pro
"I’m an HR associate recruiting engineers for a multinational.",Pro
"I'm a technical recruiter in the manufacturing industry.",Pro
"Hiring manager at a robotics company seeking engineers.",Pro
"I’m with a recruitment agency looking for skilled workers in technology.",Pro
"I’m an HR representative for an engineering consultancy.",Pro
"I specialize in recruiting talent for the automotive sector.",Pro
"I am a headhunter in the industrial engineering sector.",Pro
"I’m with a company that recruits engineers for defense contractors.",Pro
"HR coordinator at a firm focusing on sustainable energy.",Pro
"I work in talent acquisition for a global engineering company.",Pro
"HR manager looking for mechanical engineering graduates.",Pro
"I’m with a staffing agency seeking engineers for the medical device field.",Pro
"Recruiter for an energy company looking for R&D engineers.",Pro
"I recruit professionals in the aerospace industry.",Pro
"I manage hiring for a construction technology company.",Pro
"I’m a recruiter for a civil engineering firm.",Pro
"HR representative in charge of technical recruitment.",Pro
"I’m from a tech company’s talent acquisition team.",Pro
"I manage talent acquisition for an industrial firm.",Pro
"I’m with a recruitment agency focusing on engineering roles.",Pro
"I work for a consulting firm and recruit engineering consultants.",Pro
"I’m in HR and looking for candidates in the software engineering field.",Pro
"I’m a recruiter for a transportation engineering firm.",Pro
"HR manager seeking engineers with technical expertise.",Pro
"I work in recruitment at a firm focusing on industrial automation.",Pro
"I recruit engineers for environmental projects.",Pro
"I am part of the HR team for a renewable energy company.",Pro
"I’m looking for professionals with expertise in materials engineering.",Pro
"I manage recruitment for a robotics research lab.",Pro
"I’m in HR at a firm specializing in process engineering.",Pro
"I’m a recruiter for a structural engineering company.",Pro
"I recruit mechanical engineers for the automotive industry.",Pro
"HR representative at a multinational engineering firm.",Pro
"I work in human resources at an engineering consultancy.",Pro
"I recruit engineers for large infrastructure projects.",Pro
"I’m in talent acquisition at an advanced manufacturing company.",Pro
"HR director seeking candidates in technical sales.",Pro
"I manage recruitment for a chemical engineering firm.",Pro
"I work in talent acquisition for a robotics company.",Pro
"Recruiter in charge of hiring mechanical engineers for manufacturing.",Pro
"I recruit engineers in the renewable energy industry.",Pro
"I’m an HR specialist in technical project management roles.",Pro
"I work for a recruitment firm seeking engineers in the technology sector.",Pro
"I recruit mechanical engineers for R&D positions.",Pro
"I’m a hiring manager at a clean energy company.",Pro
"I manage talent acquisition for a global automotive firm.",Pro
"HR associate seeking engineers in the robotics field.",Pro
"I work for a recruitment agency specializing in technical positions.",Pro
"I manage the recruitment of engineers for defense projects.",Pro
"I’m an HR manager in the oil and gas sector.",Pro
"I’m recruiting engineers for a public infrastructure firm.",Pro
"I manage hiring for a firm in the construction technology field.",Pro
"I recruit engineers for positions in industrial automation.",Pro
"I work in recruitment for a firm focused on robotics research.",Pro
"I recruit engineers for technical roles in defense contracts.",Pro
"I’m with an engineering recruitment firm seeking professionals in aerospace.",Pro
"I manage talent acquisition for a company specializing in digital engineering.",Pro
"I’m recruiting engineers for smart manufacturing projects.",Pro
"I work in HR at an energy consultancy firm.",Pro
"HR manager for a firm specializing in clean energy.",Pro
"I recruit professionals for the automotive engineering industry.",Pro
"I’m with a tech startup looking for engineers with innovative ideas.",Pro
"I manage recruitment for a company focused on urban infrastructure.",Pro
"I recruit mechanical engineers for a research lab.",Pro
"I’m an HR specialist for a company that designs sustainable systems.",Pro
"I work in recruitment for a company focused on industrial robotics.",Pro
"I recruit engineers for positions in aerospace R&D.",Pro
"I’m in HR at a technology company specializing in automation.",Pro
"I manage talent acquisition for a global defense contractor.",Pro
"HR specialist hiring engineers for sustainable energy projects.",Pro
"I recruit professionals for the oil and gas industry.",Pro
"I’m an HR manager seeking engineers for public works projects.",Pro
"I manage recruitment for a manufacturing automation company.",Pro
"I recruit engineers for advanced research in material science.",Pro
"I recruit engineers for roles in product design and development.",Pro
"I work in the HR department and I'm looking to review candidate profiles.",Pro
"I'm a recruiter and I need to assess potential hires.",Pro
"I'm an engineer evaluating technical candidates.",Pro
"I’m a hiring manager, looking for qualified candidates for an open role.",Pro
"I work in talent acquisition, seeking professionals with engineering backgrounds.",Pro
"I’m a consultant reviewing potential team members for a project.",Pro
"I’m an operations manager searching for talent for our team.",Pro
"I’m a tech recruiter and need to view technical profiles.",Pro
"I’m in human resources and I’m assessing technical applicants.",Pro
"I work in executive search, and I'm looking for qualified professionals.",Pro
"I’m an HR specialist reviewing applicants for a project manager role.",Pro
"I’m a corporate recruiter screening resumes.",Pro
"I’m an HR director searching for new talent.",Pro
"I’m an operations recruiter reviewing profiles for our open roles.",Pro
"I’m in workforce planning and I’m sourcing talent.",Pro
"I’m a talent acquisition specialist assessing candidate backgrounds.",Pro
"I’m an executive recruiter evaluating leadership candidates.",Pro
"I’m a project lead looking for talent to join my team.",Pro
"I’m in people operations and I’m screening applicants.",Pro
"I’m in talent sourcing, matching profiles to job opportunities.",Pro
"I’m a recruitment manager assessing technical profiles.",Pro
"I’m a senior recruiter evaluating engineering candidates.",Pro
"I work in staffing solutions, reviewing resumes for open roles.",Pro
"I’m a business consultant looking for professional profiles.",Pro
"I’m a university placement officer reviewing student profiles.",Pro
"I’m in talent acquisition and I need to review applicant resumes.",Pro
"I’m an employment advisor evaluating professional qualifications.",Pro
"I’m in corporate recruitment reviewing candidate profiles.",Pro
"I’m a tech recruitment officer reviewing profiles for software positions.",Pro
"I’m a professional recruiter assessing technical backgrounds.",Pro
"I’m a company partner looking for skilled engineers.",Pro
"I’m a career counselor assessing candidates for my clients.",Pro
"I’m in job placement and I need to review qualified profiles.",Pro
"I’m a hiring manager searching for skilled professionals.",Pro
"I’m a recruiter focusing on sourcing engineering talent.",Pro
"I’m in HR consulting, screening profiles for a client.",Pro
"I’m in recruitment, evaluating professionals for a technical role.",Pro
"I’m a technical advisor reviewing applicant profiles.",Pro
"I’m an HR business partner looking for candidates to fill technical roles.",Pro
"I’m in talent management and need to check applicant backgrounds.",Pro
"I’m in workforce strategy, sourcing candidates for open positions.",Pro
"I’m a placement officer reviewing potential hires.",Pro
"I’m in professional recruitment, assessing technical profiles.",Pro
"I’m a recruiting manager, looking for qualified engineers.",Pro
"I’m a staffing coordinator reviewing applications.",Pro
"I’m a recruiting consultant evaluating candidates for a senior role.",Pro
"I’m a talent strategist searching for professionals.",Pro
"I’m in corporate recruiting, reviewing applicant qualifications.",Pro
"I’m a job advisor assessing profiles for my clients.",Pro
"I’m a recruitment officer reviewing technical profiles.",Pro
"I’m in employment strategy, screening candidates.",Pro
"I’m a head of recruitment, searching for senior professionals.",Pro
"I’m a hiring specialist evaluating resumes for engineering roles.",Pro
"I’m a technical recruiter reviewing profiles for a leadership position.",Pro
"I’m an HR consultant assessing applicants.",Pro
"I’m a job specialist searching for qualified professionals.",Pro
"I’m a talent coordinator reviewing profiles for technical roles.",Pro
"I’m a hiring manager reviewing potential candidates for our marketing team.",Pro
"I work in recruiting, looking for experienced professionals in healthcare.",Pro
"I’m a career advisor searching for candidates for corporate roles.",Pro
"I’m a recruiter in finance, seeking profiles of qualified individuals.",Pro
"I’m an HR officer evaluating candidates for open positions in our company.",Pro
"I work in a staffing agency and I’m sourcing talent for an IT project.",Pro
"I’m an operations director reviewing candidates for a logistics role.",Pro
"I’m in university recruitment and I need to assess profiles for internships.",Pro
"I’m a recruiting manager looking for professionals in education.",Pro
"I’m in employment services, reviewing applicants for entry-level roles.",Pro
"I’m an HR advisor assessing candidates for our graduate program.",Pro
"I work in recruitment strategy, sourcing candidates for technical jobs.",Pro
"I’m in recruiting, seeking candidates for our cybersecurity team.",Pro
"I’m an agency recruiter screening profiles for open administrative roles.",Pro
"I’m a recruiting officer screening candidates for a marketing project.",Pro
"I work in HR, assessing candidates for a facilities management role.",Pro
"I’m in talent strategy, reviewing profiles for a client’s technology team.",Pro
"I work in human resources, reviewing applicants for a compliance role.",Pro
"I’m a recruiting coordinator evaluating profiles for a finance management role.",Pro
"I work in employment consulting, sourcing candidates for a supply chain project.",Pro
"I’m a staffing specialist reviewing profiles for a facilities management role.",Pro
"I’m a technical recruiter assessing applicants for a manufacturing project.",Pro
"I’m in talent management, reviewing candidates for a business operations role.",Pro
"I’m a career advisor evaluating profiles for a consulting firm.",Pro
"I’m an executive recruiter assessing resumes for a leadership role.",Pro
"I work in talent acquisition, screening profiles for an engineering management role.",Pro
"I’m a recruiting officer reviewing applicants for a digital marketing role.",Pro
"I work in human capital, assessing profiles for client service roles.",Pro
"I’m in project management, reviewing candidates for an IT project lead role.",Pro
"I’m an HR business partner evaluating applicants for a product management role.",Pro
"I work in recruitment services, screening profiles for a customer success role.",Pro
"I’m a sourcing specialist reviewing profiles for a retail operations role.",Pro
"I work in staffing, screening profiles for a digital transformation project.",Pro
"I’m an executive recruiter reviewing candidates for a CEO role.",Pro
"I’m a technical recruiter evaluating applicants for a cybersecurity project.",Pro
"I work in human capital, assessing profiles for our product development team.",Pro
"I’m in recruitment, evaluating applicants for a business operations role.",Pro
"I’m a technical recruiter screening candidates for a data science project.",Pro
"I work in human capital, evaluating profiles for a logistics management role.",Pro
"I’m a sourcing specialist reviewing applicants for a customer experience role.",Pro
"I’m a talent advisor screening candidates for an educational project.",Pro
"I work in human resources, sourcing applicants for an operations management role.",Pro
"I’m a technical recruiter reviewing candidates for a software engineering project.",Pro
"I work in staffing services, screening profiles for a business development role.",Pro
"I’m a recruiting manager assessing candidates for a logistics management project.",Pro
"I’m a career advisor reviewing applicants for a client’s operations team.",Pro
"HR @ [company]",Pro
"Hiring from [company]",Pro
"Recruiter from tech firm",Pro
"HR [company], looking for candidates",Pro
"Recruitment, finance team",Pro
"Talent acquisition, [company]",Pro
"Tech recruiter @ [company]",Pro
"Hiring manager, [company]",Pro
"HR, marketing dept",Pro
"Headhunter for sales roles",Pro
"Hiring director, logistics",Pro
"Consultant for HR",Pro
"Staffing @ [company]",Pro
"Sourcing candidates for retail",Pro
"Corporate recruiter",Pro
"Talent mgmt [company]",Pro
"Hiring for ops team",Pro
"Recruitment, engineering sector",Pro
"HR specialist, client roles",Pro
"Staffing firm, hiring",Pro
"Recruiting coordinator",Pro
"Sourcing for finance roles",Pro
"Hiring coordinator @ [company]",Pro
"HR in finance, looking for candidates",Pro
"Corporate HR, sourcing",Pro
"Recruiter for legal team",Pro
"Talent strategist",Pro
"Headhunting finance execs",Pro
"Career services, [university]",Pro
"Placement officer",Pro
"HR dept, tech division",Pro
"Recruitment consultant",Pro
"HR [company], hiring new team",Pro
"Corporate recruiter, marketing",Pro
"HR for senior roles",Pro
"Hiring senior mgmt @ [company]",Pro
"Staffing execs for consulting",Pro
"Career advisor @ [university]",Pro
"Recruiter for engineering",Pro
"HR officer, tech roles",Pro
"Sourcing talent in marketing",Pro
"Hiring manager for ops",Pro
"Hiring technical talent",Pro
"Talent manager, sales dept",Pro
"HR, evaluating applicants",Pro
"Recruitment @ logistics",Pro
"HR, sourcing candidates for project",Pro
"Career counselor, students",Pro
"Staffing HR roles",Pro
"Sourcing senior tech leads",Pro
"HR at XYZ Corp",Pro
"Recruiter, looking to fill tech roles",Pro
"From HR, need to check your profile",Pro
"Company recruiter, looking for candidates",Pro
"Hiring manager at [Tech Firm]",Pro
"Need a mechanical engineer, HR here",Pro
"Technical recruiter for a new project",Pro
"Scouting talent for our engineering team",Pro
"I recruit engineers at my company",Pro
"Checking profiles for tech openings",Pro
"Senior recruiter, hiring for multiple roles",Pro
"HR team, hiring engineers",Pro
"Looking for talent, HR department",Pro
"Head of recruitment, searching for candidates",Pro
"Recruiter, reviewing profiles",Pro
"Hiring for technical roles, HR division",Pro
"Mechanical engineering recruiter",Pro
"Reviewing profiles for potential hires",Pro
"HR, screening for mechanical roles",Pro
"Hiring engineers, in need of profiles",Pro
"Recruiting manager at a tech startup",Pro
"HR department, we’re hiring!",Pro
"Senior HR, recruiting for tech roles",Pro
"Reviewing candidates for our engineering team",Pro
"Talent acquisition, looking for engineers",Pro
"Seeking candidates, HR division",Pro
"Hiring, looking for mechanical engineers",Pro
"Looking for an R&D engineer, HR here",Pro
"Recruiting manager, reviewing profiles",Pro
"Looking for potential hires in engineering",Pro
"Talent acquisition manager, seeking engineers",Pro
"HR department, hiring mechanical roles",Pro
"Hiring manager, need an engineer for a project",Pro
"Talent scout, reviewing candidates",Pro
"Head of HR, recruiting for multiple positions",Pro
"Looking for an engineering candidate",Pro
"HR recruiter for mechanical roles",Pro
"Tech recruiter, reviewing profiles",Pro
"Hiring manager for a new project",Pro
"Looking for top talent in engineering",Pro
"Recruiter at a tech firm",Pro
"Hiring, need a mechanical engineer",Pro
"HR at [Large Company], checking candidates",Pro
"HR division, reviewing for engineering roles",Pro
"Looking to hire a mechanical engineer",Pro
"Technical recruiter, need mechanical engineers",Pro
"Hiring team, checking profiles",Pro
"HR team, need engineering candidates",Pro
"Looking for candidates in engineering",Pro
"HR recruiter at a consulting firm",Pro
"Talent acquisition at [Tech Company]",Pro
"Reviewing profiles for engineering openings",Pro
"Hiring at a mechanical engineering firm",Pro
"HR at a startup, looking for talent",Pro
"Senior HR at a tech firm",Pro
"Looking for engineering talent",Pro
"HR division, searching for engineers",Pro
"Hiring manager for mechanical roles",Pro
"Recruiting engineers, HR department",Pro
"Recruiter from [Company Name]",Pro
"Searching for candidates in engineering",Pro
"Technical recruiter for a project",Pro
"Head of recruitment for engineers",Pro
"HR team, need candidates for tech roles",Pro
"Looking for engineers for a new project",Pro
"Talent acquisition for mechanical engineers",Pro
"Hiring manager, mechanical engineering roles",Pro
"Head of HR, need engineering talent",Pro
"HR department at [Company], hiring",Pro
"Scouting for engineers, HR here",Pro
"Looking for tech talent, HR recruiter",Pro
"Recruiter at [Tech Startup]",Pro
"HR at a consulting firm, checking profiles",Pro
"HR team, seeking candidates",Pro
"Recruiter from [Company], need engineers",Pro
"Hiring manager, reviewing for tech roles",Pro
"Technical recruiter at [Large Firm]",Pro
"Scouting for talent, HR division",Pro
"HR at a mechanical engineering company",Pro
"Talent acquisition for tech projects",Pro
"HR at [Consulting Firm], looking for engineers",Pro
"Senior recruiter, hiring for engineers",Pro
"HR from [Large Tech Company]",Pro
"Looking for candidates for engineering",Pro
"Recruiting for R&D engineering roles",Pro
"Senior hiring manager at [Company]",Pro
"HR at [Engineering Firm], recruiting",Pro
"HR, looking for tech talent",Pro
"Seeking candidates for engineering roles",Pro
"Hiring for mechanical engineers",Pro
"HR looking for R&D candidates",Pro
"Hiring manager for mechanical engineering",Pro
"Recruiting for multiple tech roles",Pro
"Hiring engineers at [Company Name]",Pro
"HR recruiter at [Consultancy]",Pro
"Recruiting talent for mechanical roles",Pro
"HR at a mechanical engineering startup",Pro
"HR at [Engineering Startup]",Pro
"Hiring manager, mechanical roles open",Pro
"HR department hiring mechanical engineers",Pro
"Scouting for talent in engineering",Pro
"Looking for R&D engineers, HR here",Pro
"Recruiting engineers at [Company]",Pro
"Looking for a mechanical engineer",Pro
"HR recruiting for an engineering position",Pro
"Searching for talent in engineering",Pro
"Hiring engineers at a consulting firm",Pro
"HR team reviewing profiles for engineers",Pro
"Talent acquisition manager, looking for engineers",Pro
"Hiring for a mechanical engineering role",Pro
"HR at [Tech Company], need engineers",Pro
"HR, searching for tech candidates",Pro
"Hiring for an engineering role",Pro
"Recruiter at [Startup], looking for talent",Pro
"Looking for a mechanical engineering hire",Pro
"HR from a mechanical engineering firm",Pro
"Hiring for tech roles at [Company]",Pro
"Hiring manager, reviewing mechanical candidates",Pro
"HR recruiter at [Engineering Company]",Pro
"Looking for engineers for R&D roles",Pro
"HR at [Tech Company], recruiting engineers",Pro
"Hiring for multiple engineering roles",Pro
"HR, reviewing candidates for tech roles",Pro
"Looking for engineers for a project",Pro
"HR recruiter looking for talent",Pro
"Seeking engineering candidates",Pro
"Talent acquisition at [Engineering Firm]",Pro
"Hiring manager, need engineering talent",Pro
"Scouting talent for an engineering team",Pro
"Hiring engineers for a tech project",Pro
"Looking for tech candidates, HR division",Pro
"HR, recruiting for an engineering project",Pro
"Searching for engineers for a new project",Pro
"Scouting for talent in mechanical roles",Pro
"Technical recruiter for a mechanical engineer",Pro
"Looking for candidates in mechanical engineering",Pro
"Hiring manager, recruiting engineers",Pro
"Talent acquisition at [Consulting Firm]",Pro
"Hiring mechanical engineers for R&D",Pro
"HR recruiter at a startup",Pro
"Technical recruiter, looking for engineers",Pro
"Hiring engineers for a new project",Pro
"Searching for engineering candidates",Pro
"HR team at [Tech Firm], recruiting",Pro
"Looking for engineers for a new role",Pro
"Technical recruiter for a mechanical engineering role",Pro
"Talent acquisition for engineers",Pro
"Hiring engineers at [Company]",Pro
"Looking for engineering candidates",Pro
"Recruiting mechanical engineers",Pro
"HR team at [Engineering Firm]",Pro
"Hiring manager for mechanical roles",Pro
"HR, reviewing profiles for a project",Pro
"Recruiting mechanical engineers for R&D",Pro
"Looking for engineering talent for a project",Pro
"Technical recruiter, hiring engineers",Pro
"Searching for candidates for mechanical engineering roles",Pro
"Hiring engineers for mechanical roles",Pro
"HR, recruiting for a tech project",Pro
"Technical recruiter for mechanical roles",Pro
"HR recruiter for R&D positions",Pro
"Talent acquisition for mechanical engineering roles",Pro
"Looking for candidates for a tech project",Pro
"HR at [Company]",Pro
"Human Resources department",Pro
"Talent acquisition manager",Pro
"In Human Resources at [Company]",Pro
"Recruiter from [Company]",Pro
"Recruitment specialist",Pro
"Working in Human Resources",Pro
"Manager of recruitment",Pro
"Talent scout, HR division",Pro
"In charge of hiring at [Company]",Pro
"HR team member at [Company]",Pro
"Head of Human Resources",Pro
"Human Resources specialist",Pro
"Talent manager at [Company]",Pro
"Recruitment lead at [Company]",Pro
"HR business partner",Pro
"Human Resources consultant",Pro
"Recruitment advisor at [Company]",Pro
"HR associate",Pro
"Human Resources manager at [Company]",Pro
"Recruitment team at [Company]",Pro
"Senior HR specialist",Pro
"In charge of recruitment",Pro
"Talent acquisition lead",Pro
"Recruitment lead at [Tech Firm]",Pro
"HR consultant at [Company]",Pro
"Talent acquisition at [Consulting Firm]",Pro
"Recruitment coordinator",Pro
"Senior Human Resources manager",Pro
"Working in recruitment at [Company]",Pro
"Manager in Human Resources",Pro
"Talent advisor",Pro
"Recruitment partner at [Company]",Pro
"HR director at [Company]",Pro
"Talent development manager",Pro
"HR recruiter at [Consulting Firm]",Pro
"Human Resources director",Pro
"Talent acquisition director",Pro
"Senior recruiter, HR team",Pro
"Head of hiring at [Company]",Pro
"Director of talent management",Pro
"HR professional",Pro
"In recruitment at [Tech Firm]",Pro
"Talent recruiter",Pro
"Talent acquisition partner",Pro
"Human Resources officer",Pro
"Head of recruitment",Pro
"Senior HR consultant",Pro
"Talent specialist",Pro
"Talent acquisition team lead",Pro
"HR coordinator at [Company]",Pro
"Head of HR at [Company]",Pro
"Recruitment officer",Pro
"Talent lead at [Tech Company]",Pro
"Head of talent acquisition",Pro
"Senior HR partner",Pro
"Recruitment professional at [Company]",Pro
"HR consultant at [Consulting Firm]",Pro
"Manager of talent acquisition",Pro
"Senior Human Resources consultant",Pro
"Human Resources lead at [Company]",Pro
"HR executive at [Company]",Pro
"Talent scout at [Tech Company]",Pro
"Senior recruiter at [Company]",Pro
"Human Resources advisor",Pro
"Talent sourcing specialist",Pro
"Manager in recruitment at [Company]",Pro
"Senior HR advisor",Pro
"Talent coordinator",Pro
"Recruitment manager at [Company]",Pro
"HR recruitment partner",Pro
"Recruitment consultant at [Company]",Pro
"Talent acquisition officer",Pro
"HR business partner at [Company]",Pro
"Talent director at [Company]",Pro
"HR team lead",Pro
"Human Resources professional",Pro
"Senior recruiter at [Consulting Firm]",Pro
"Recruitment specialist at [Company]",Pro
"Talent management at [Company]",Pro
"HR recruitment lead",Pro
"Talent acquisition consultant",Pro
"Senior recruiter at [Tech Firm]",Pro
"HR specialist, recruiting",Pro
"Talent acquisition manager at [Consultancy]",Pro
"HR officer at [Company]",Pro
"Head of Human Resources, recruiting",Pro
"Recruitment manager at [Consultancy]",Pro
"Human Resources coordinator",Pro
"HR director, talent acquisition",Pro
"Talent acquisition executive",Pro
"Human Resources associate at [Company]",Pro
"Senior HR recruitment advisor",Pro
"Talent lead at [Consultancy]",Pro
"HR recruitment consultant",Pro
"Talent acquisition partner at [Tech Firm]",Pro
"HR operations lead",Pro
"Recruitment lead, talent management",Pro
"Human Resources director at [Company]",Pro
"HR business advisor",Pro
"Talent management officer",Pro
"Human Resources, hiring at [Company]",Pro
"Talent acquisition at [Tech Startup]",Pro
"Recruitment operations manager",Pro
"HR executive, reviewing profiles",Pro
"Talent sourcing lead",Pro
"Senior HR manager at [Company]",Pro
"Human Resources executive",Pro
"Head of recruitment operations",Pro
"Talent management lead at [Consultancy]",Pro
"HR operations manager",Pro
"Recruitment coordinator at [Tech Company]",Pro
"Senior Human Resources partner",Pro
"HR consultant, recruiting",Pro
"Talent acquisition advisor",Pro
"HR recruitment executive at [Company]",Pro
"Talent acquisition associate at [Company]",Pro
"Human Resources manager, hiring",Pro
"Head of HR operations",Pro
"HR partner, reviewing profiles",Pro
"Talent recruiter at [Tech Company]",Pro
"Recruitment consultant, HR team",Pro
"Human Resources business partner",Pro
"HR lead at [Consulting Firm]",Pro
"Talent management partner",Pro
"Recruitment lead, HR department",Pro
"Talent acquisition lead at [Company]",Pro
"Senior recruitment advisor",Pro
"Talent management executive",Pro
"Human Resources officer at [Company]",Pro
"HR director, recruiting",Pro
"Talent acquisition coordinator at [Company]",Pro
"Recruitment officer, HR team",Pro
"HR lead at [Tech Firm]",Pro
"Recruitment executive at [Company]",Pro
"Senior talent manager at [Consultancy]",Pro
"HR operations director",Pro
"Talent management advisor",Pro
"Senior recruitment coordinator",Pro
"HR consultant, reviewing candidates",Pro
"Talent sourcing advisor at [Company]",Pro
"Human Resources associate, recruiting",Pro
"Talent management consultant at [Tech Firm]",Pro
"HR recruitment officer",Pro
"Talent acquisition specialist at [Consulting Firm]",Pro
"Human Resources recruitment lead",Pro
"Senior HR advisor, talent management",Pro
"Recruitment director, HR team",Pro
"Talent acquisition operations lead",Pro
"Senior HR operations manager",Pro
"Recruitment executive, reviewing profiles",Pro
"Talent acquisition director at [Tech Firm]",Pro
"Human Resources manager at [Consulting Firm]",Pro
"Talent acquisition partner, recruiting",Pro
"HR lead, recruitment operations",Pro
"Senior recruitment advisor, HR department",Pro
"Talent acquisition officer at [Company]",Pro
"HR director, recruitment operations",Pro
"Recruitment manager at [Company]",Pro
"Talent acquisition lead at [Consulting Firm]",Pro
"Senior recruiter, talent management",Pro
"HR consultant at [Tech Firm]",Pro
"Talent acquisition professional",Pro
"Senior recruitment officer at [Company]",Pro
"HR recruitment manager at [Consultancy]",Pro
"Talent acquisition lead, reviewing profiles",Pro
"Head of HR, recruiting at [Company]",Pro
"Talent manager at [Consulting Firm]",Pro
"Senior HR recruitment consultant",Pro
"Recruitment executive, talent sourcing",Pro
"Talent acquisition officer at [Consultancy]",Pro
"HR director at [Tech Company]",Pro
"Recruitment officer at [Consulting Firm]",Pro
"Senior HR recruitment partner",Pro
"Talent acquisition coordinator at [Tech Firm]",Pro
"HR recruitment advisor at [Company]",Pro
"Talent sourcing executive at [Company]",Pro
"HR manager, talent acquisition",Pro
"Talent coordinator, HR department",Pro
"Recruitment professional at [Consultancy]",Pro
"HR operations advisor",Pro
"Talent acquisition officer, HR team",Pro
"Recruitment director at [Tech Company]",Pro
"Senior talent management lead",Pro
"HR lead at [Company], recruiting",Pro
"Recruitment lead, talent acquisition",Pro
"Senior HR recruitment operations lead",Pro
"Talent acquisition manager at [Company]",Pro
"Human Resources consultant, hiring",Pro
"Recruitment executive at [Tech Firm]",Pro
"Talent acquisition partner at [Consultancy]",Pro
"HR team member at [Consulting Firm]",Pro
"Talent acquisition director, reviewing profiles",Pro
"Recruitment lead at [Tech Startup]",Pro
"HR officer at [Consulting Firm]",Pro
"Talent acquisition consultant at [Company]",Pro
"HR business partner, recruiting",Pro
"Senior recruitment officer at [Consulting Firm]",Pro
"Talent acquisition executive at [Company]",Pro
"Recruitment operations lead, HR team",Pro
"HR, tech firm",Pro
"CEO, finance company",Pro
"Professor of engineering",Pro
"Talent acquisition, retail",Pro
"Manager, IT services",Pro
"CFO at a manufacturing company",Pro
"Human Resources, automotive",Pro
"Marketing Director, fashion industry",Pro
"CTO, software company",Pro
"Research fellow, university",Pro
"Talent Manager, food industry",Pro
"Senior VP, banking",Pro
"Consultant, healthcare",Pro
"Director, legal department",Pro
"Manager, construction firm",Pro
"Human Resources, fintech",Pro
"CIO, logistics company",Pro
"Dean of sciences, university",Pro
"Analyst, finance firm",Pro
"Partner, law firm",Pro
"HR, non-profit organization",Pro
"Sales Manager, pharmaceuticals",Pro
"VP of Operations, media company",Pro
"CTO, government agency",Pro
"Director, energy sector",Pro
"HR, education firm",Pro
"Team leader, e-commerce",Pro
"CFO, telecommunications",Pro
"Executive, aerospace company",Pro
"Director, arts organization",Pro
"Senior Recruiter, IT consulting",Pro
"Principal Investigator, medical research",Pro
"Manager, publishing company",Pro
"CHRO, financial services",Pro
"Founder, startup",Pro
"Director of R&D, biotech firm",Pro
"VP of Sales, consumer goods",Pro
"HR Executive, insurance",Pro
"Principal, architecture firm",Pro
"Head of HR, logistics",Pro
"Head of Legal, tech company",Pro
"Director, transportation firm",Pro
"Professor of business, university",Pro
"Manager, social services organization",Pro
"CHRO, public sector",Pro
"CEO, real estate",Pro
"Director of Talent, advertising firm",Pro
"VP, automotive company",Pro
"VP of HR, software",Pro
"Director, healthcare company",Pro
"Recruitment officer, oil and gas",Pro
"Director of Operations, finance",Pro
"COO, engineering firm",Pro
"CFO, entertainment",Pro
"Head of Research, consumer electronics",Pro
"Senior Analyst, IT",Pro
"Lead engineer, telecommunications",Pro
"VP of Strategy, tech firm",Pro
"Principal Investigator, government research",Pro
"Director, agriculture",Pro
"Founder and CEO, tech startup",Pro
"Head of Finance, e-commerce",Pro
"Lead Developer, software company",Pro
"HR Manager, transportation",Pro
"Consultant, management consulting",Pro
"VP of Finance, hospitality industry",Pro
"Director of Recruitment, energy",Pro
"Senior Scientist, biotechnology",Pro
"COO, education company",Pro
"VP of Engineering, construction",Pro
"CEO, professional services",Pro
"Chief Legal Officer, insurance",Pro
"Head of Marketing, telecom",Pro
"Partner, private equity firm",Pro
"CFO, aerospace",Pro
"Principal Investigator, academic institution",Pro
"Director of Legal, manufacturing",Pro
"Senior HR Officer, social services",Pro
"Senior Consultant, medical consulting",Pro
"Head of Operations, fashion",Pro
"CHRO, sports organization",Pro
"Director, defense contractor",Pro
"VP of Sales, advertising",Pro
"HR Director, tech startup",Pro
"Director of Research, energy sector",Pro
"HR Manager, consumer goods",Pro
"Executive Recruiter, logistics",Pro
"CEO, SaaS company",Pro
"Director, renewable energy company",Pro
"COO, retail chain",Pro
"Senior Consultant, software",Pro
"CFO, pharmaceutical company",Pro
"Managing Director, film industry",Pro
"VP, travel agency",Pro
"Director, hospitality industry",Pro
"Founder, tech accelerator",Pro
"HR Officer, non-profit",Pro
"Director of Recruitment, IT consulting",Pro
"Head of Finance, media company",Pro
"Professor of economics, university",Pro
"CFO, aerospace industry",Pro
"CEO, pharmaceuticals company",Pro
"Dean of engineering, university",Pro
"HR Officer, construction firm",Pro
"Director, logistics company",Pro
"Senior VP, automotive",Pro
"HR Manager, food services",Pro
"COO, energy sector",Pro
"Research fellow, academic institution",Pro
"Talent acquisition, manufacturing firm",Pro
"Senior VP of Marketing, media",Pro
"Director of Finance, retail",Pro
"Recruitment lead, IT firm",Pro
"Senior Analyst, insurance company",Pro
"Professor of physics, research university",Pro
"Head of Legal, pharmaceuticals",Pro
"Principal Investigator, healthcare",Pro
"HR Manager, financial institution",Pro
"CTO, IT consulting",Pro
"Chief Legal Officer, manufacturing company",Pro
"VP of Sales, fashion company",Pro
"HR Director, construction company",Pro
"Founder and CEO, energy startup",Pro
"HR Manager, non-profit",Pro
"Director of Operations, telecom",Pro
"Head of Research, government agency",Pro
"VP of Strategy, retail",Pro
"Senior Recruiter, finance company",Pro
"HR Director, aerospace",Pro
"Manager of HR, academic institution",Pro
"Director, food and beverage company",Pro
"COO, real estate company",Pro
"Director, renewable energy firm",Pro
"HR Officer, law firm",Pro
"Senior VP, travel company",Pro
"HR Director, logistics firm",Pro
"Manager, transportation company",Pro
"Director of Talent, insurance",Pro
"Head of Operations, healthcare",Pro
"Recruitment Officer, university",Pro
"Founder, medical startup",Pro
"Senior VP, engineering firm",Pro
"CTO, legal services",Pro
"Head of Research, consumer goods",Pro
"VP, energy company",Pro
"Senior Scientist, R&D",Pro
"Director of Sales, automotive",Pro
"COO, tech startup",Pro
"Director, social services organization",Pro
"HR Manager, advertising firm",Pro
"Director, public sector",Pro
"Professor of biology, research institute",Pro
"Founder, healthcare startup",Pro
"HR Officer, legal firm",Pro
"Chief Scientist, manufacturing company",Pro
"Principal Investigator, IT research",Pro
"VP of Finance, education company",Pro
"Director of Marketing, media company",Pro
"HR Consultant, healthcare services",Pro
"Senior Director, telecom industry",Pro
"VP of Operations, energy company",Pro
"Director, consumer electronics company",Pro
"Professor of literature, university",Pro
"Recruitment Officer, logistics firm",Pro
"HR Manager, tech company",Pro
"Dean of Arts, university",Pro
"Director of Recruitment, pharmaceuticals",Pro
"VP of Research, tech company",Pro
"Senior VP, public relations firm",Pro
"HR Executive, insurance services",Pro
"Director of Strategy, financial institution",Pro
"Senior Analyst, tech consulting",Pro
"HR Consultant, aerospace",Pro
"VP of Sales, hospitality company",Pro
"Head of Operations, biotech",Pro
"Principal Investigator, research institute",Pro
"Recruitment Manager, advertising",Pro
"Senior HR Officer, education company",Pro
"Managing Director, construction firm",Pro
"Senior Recruiter, legal services",Pro
"CEO, agriculture company",Pro
"CTO, construction services",Pro
"Professor of mathematics, university",Pro
"COO, software company",Pro
"Talent Manager, transportation",Pro
"VP of Legal, consumer goods",Pro
"HR Officer, travel company",Pro
"Director of Strategy, retail",Pro
"Director, legal consulting",Pro
"Senior Consultant, government",Pro
"VP of Engineering, logistics",Pro
"Manager of HR, manufacturing company",Pro
"HR Executive, non-profit organization",Pro
"Senior VP, oil and gas",Pro
"Director of Operations, legal firm",Pro
"CEO, logistics company",Pro
"Director of Recruitment, construction",Pro
"VP of Talent, retail",Pro
"Founder, software startup",Pro
"HR Manager, agriculture firm",Pro
"COO, healthcare company",Pro
"HR Executive, travel services",Pro
"Senior Consultant, logistics",Pro
"CTO, education company",Pro
"Head of Talent, telecommunications",Pro
"Professor of computer science, university",Pro
"Director, fashion company",Pro
"Recruitment Manager, media company",Pro
"COO, consumer electronics",Pro
"Senior VP, professional services",Pro
"CEO, consultancy firm",Pro
"Head of Finance, logistics",Pro
"HR Executive, engineering firm",Pro
"Recruitment Officer, social services",Pro
"Head of HR, energy company",Pro
"Director, aerospace engineering",Pro
"HR Manager, logistics company",Pro
"Principal Investigator, biotech firm",Pro
"Director of Legal, tech services",Pro
"CEO, entertainment company",Pro
"VP of Operations, manufacturing",Pro
"HR Director, law firm",Pro
"Head of Legal, consumer electronics",Pro
"Senior HR Officer, fashion company",Pro
"Director of Talent, education services",Pro
"Recruitment Manager, hospitality",Pro
"Director, retail chain",Pro
"HR Officer, non-profit",Pro
"Senior VP, aerospace firm",Pro
"CTO, fintech company",Pro
"Senior Recruiter, IT company",Pro
"Professor of business, university",Pro
"Director of Operations, software company",Pro
"VP of Research, pharmaceuticals",Pro
"Recruitment Officer, manufacturing",Pro
"Director of Marketing, consumer goods",Pro
"Talent Manager, transportation firm",Pro
"Head of Finance, biotech",Pro
"Professor of economics, academic institution",Pro
"VP, real estate company",Pro
"HR Executive, engineering services",Pro
"Director of Sales, pharmaceuticals",Pro
"COO, non-profit organization",Pro
"Director of Legal, telecommunications",Pro
"Recruitment Officer, agriculture company",Pro
"VP of Engineering, automotive",Pro
"CEO, oil and gas company",Pro
"Director of Talent, financial institution",Pro
"Professor of law, university",Pro
"Recruitment Manager, hospitality industry",Pro
"Head of HR, entertainment company",Pro
"Director of Marketing, law firm",Pro
"VP of Sales, finance company",Pro
"Senior Consultant, energy company",Pro
"Founder, biotech startup",Pro
"Head of Legal, logistics company",Pro
"HR Executive, legal services",Pro
"Dean of sciences, university",Pro
"Director, social services organization",Pro
"Senior Recruiter, fashion company",Pro
"VP of Research, automotive firm",Pro
"Principal Investigator, academic research",Pro
"Senior VP, manufacturing company",Pro
"Talent Manager, insurance company",Pro
"COO, engineering company",Pro
"Senior VP, construction firm",Pro
"Director of Finance, tech company",Pro
"Senior Analyst, education company",Pro
"VP of Strategy, hospitality firm",Pro
"Director of Marketing, fashion industry",Pro
"HR Manager, aerospace company",Pro
"Principal Investigator, energy research",Pro
"HR Manager, healthcare company",Pro
"Director of Finance, consumer goods",Pro
"Director, travel company",Pro
"Recruitment Manager, telecommunications",Pro
"Principal Investigator, energy firm",Pro
"COO, government agency",Pro
"Head of HR, legal services",Pro
"Professor of chemistry, university",Pro
"VP of Talent, tech company",Pro
"HR manager",Pro
"technical recruiter",Pro
"engineer at a manufacturing firm",Pro
"professor at a university",Pro
"CEO of a startup",Pro
"software developer at an IT company",Pro
"human resources director",Pro
"recruiter from a tech company",Pro
"data scientist from a research institute",Pro
"VP of engineering",Pro
"product manager in software",Pro
"project manager at a construction company",Pro
"consultant in business development",Pro
"marketing director",Pro
"talent acquisition specialist",Pro
"research scientist",Pro
"team lead in an AI lab",Pro
"professor of computer science",Pro
"CEO of an AI consultancy",Pro
"software engineer at a large tech company",Pro
"HR business partner",Pro
"head of recruitment",Pro
"recruiter for IT and software positions",Pro
"operations manager in a logistics company",Pro
"professor in electrical engineering",Pro
"technical recruiter in fintech",Pro
"head of R&D",Pro
"mechanical engineer in a manufacturing firm",Pro
"civil engineer at a construction company",Pro
"senior software engineer",Pro
"recruiter for tech startups",Pro
"IT consultant",Pro
"UX designer at a tech company",Pro
"head of product development",Pro
"data analyst at a consulting firm",Pro
"chief operating officer",Pro
"head of human resources",Pro
"recruiter specializing in engineering roles",Pro
"talent manager",Pro
"lead developer at a software company",Pro
"product owner at a tech startup",Pro
"recruitment specialist",Pro
"senior recruiter",Pro
"business analyst in the finance sector",Pro
"marketing manager",Pro
"machine learning engineer",Pro
"operations director",Pro
"AI research scientist",Pro
"HR coordinator",Pro
"system architect",Pro
"human resources officer",Pro
"senior executive recruiter",Pro
"strategy consultant",Pro
"data engineer",Pro
"full-stack developer",Pro
"technical lead at a software company",Pro
"professor of robotics",Pro
"HR specialist",Pro
"engineering manager",Pro
"technical hiring manager",Pro
"founder of a tech startup",Pro
"head of talent acquisition",Pro
"staff engineer",Pro
"cloud architect",Pro
"systems engineer at a defense contractor",Pro
"CTO of a tech firm",Pro
"HR associate",Pro
"recruiter in manufacturing",Pro
"devops engineer",Pro
"head of operations",Pro
"lead engineer",Pro
"technical recruiter in cybersecurity",Pro
"engineering director",Pro
"talent acquisition lead",Pro
"software developer at an e-commerce company",Pro
"cloud solutions architect",Pro
"HR generalist",Pro
"senior AI engineer",Pro
"recruiter for academic positions",Pro
"engineering consultant",Pro
"vice president of engineering",Pro
"senior data scientist",Pro
"UX/UI designer",Pro
"HR executive",Pro
"technical project manager",Pro
"software engineer in fintech",Pro
"chief product officer",Pro
"professor of artificial intelligence",Pro
"AI ethics consultant",Pro
"head of software engineering",Pro
"HR talent advisor",Pro
"recruitment manager",Pro
"backend developer",Pro
"director of technology",Pro
"professor in mechanical engineering",Pro
"principal engineer",Pro
"HR head for IT division",Pro
"strategy and innovation consultant",Pro
"senior researcher",Pro
"lead product designer",Pro
"chief engineer at a tech firm",Pro
"staff software engineer",Pro
"systems analyst",Pro
"head of HR operations",Pro
"data architect",Pro
"software engineering recruiter",Pro
"project manager in AI development",Pro
"technical director",Pro
"head of business development",Pro
"technical sourcing recruiter",Pro
"CTO at a robotics company",Pro
"senior operations manager",Pro
"full-stack engineer",Pro
"professor of data science",Pro
"chief marketing officer",Pro
"lead developer",Pro
"HR manager in tech",Pro
"head of innovation",Pro
"recruiter for tech roles",Pro
"director of machine learning",Pro
"talent acquisition manager",Pro
"product director at a SaaS company",Pro
"engineering talent scout",Pro
"AI systems architect",Pro
"human resources lead",Pro
"software engineering head",Pro
"AI consultant",Pro
"digital marketing strategist",Pro
"recruitment consultant",Pro
"technical hiring consultant",Pro
"head of AI research",Pro
"professor of physics",Pro
"chief technology officer",Pro
"data-driven product manager",Pro
"software engineering mentor",Pro
"innovation manager",Pro
"professor of mechanical engineering",Pro
"director of cloud engineering",Pro
"technical manager at an IT firm",Pro
"chief data officer",Pro
"software quality engineer",Pro
"engineering director at a software company",Pro
"head of recruitment strategy",Pro
"AI research director",Pro
"recruiter in corporate technology",Pro
"project lead in product development",Pro
"senior technical advisor",Pro
"lead AI developer",Pro
"executive recruiter for engineering",Pro
"professor of industrial engineering",Pro
"director of talent acquisition",Pro
"chief innovation officer",Pro
"principal software engineer",Pro
"director of R&D",Pro
"lead cloud solutions architect",Pro
"HR talent lead",Pro
"technical director at an AI company",Pro
"machine learning consultant",Pro
"HR partner",Pro
"head of machine learning",Pro
"data scientist in finance",Pro
"head of software development",Pro
"VP of technology",Pro
"professor of materials science",Pro
"IT director",Pro
"software test engineer",Pro
"chief of operations",Pro
"lead engineering recruiter",Pro
"senior recruiter for engineering",Pro
"head of tech innovation",Pro
"software product manager",Pro
"professor in computer vision",Pro
"recruitment advisor",Pro
"chief of technology strategy",Pro
"HR talent scout",Pro
"principal cloud architect",Pro
"head of talent management",Pro
"recruiter in cloud services",Pro
"software solutions architect",Pro
"engineering talent advisor",Pro
"AI product manager",Pro
"director of AI systems",Pro
"professor of automation",Pro
"technical hiring specialist",Pro
"chief AI officer",Pro
"head of data science",Pro
"technical talent scout",Pro
"software architect at a consultancy",Pro
"VP of HR",Pro
"director of technical talent",Pro
"recruiter in engineering",Pro
"chief software engineer",Pro
"HR lead for R&D",Pro
"systems designer",Pro
"technical product lead",Pro
"data-driven recruiter",Pro
"chief of engineering operations",Pro
"lead software architect",Pro
"head of R&D strategy",Pro
"professor of software engineering",Pro
"hr pro",Pro
"hr mgr",Pro
"hr rep",Pro
"hr coord",Pro
"hr dir",Pro
"hr con",Pro
"hr ana",Pro
"hr asst",Pro
"hr partner",Pro
"hr lead",Pro
"recruiter",Pro
"talent acq",Pro
"talent mgr",Pro
"hiring pro",Pro
"job recruit",Pro
"emp relations",Pro
"workforce ana",Pro
"job fair coord",Pro
"train mgr",Pro
"dev specialist",Pro
"comp analyst",Pro
"payroll mgr",Pro
"job design",Pro
"cultural lead",Pro
"change agent",Pro
"d&i pro",Pro
"staffing lead",Pro
"emp exp",Pro
"talent dev",Pro
"recruitment pro",Pro
"hr ops",Pro
"chief hr",Pro
"HR",Pro
"hr bus partner",Pro
"emp engage",Pro
"emp retention",Pro
"labor market ana",Pro
"emp benefits",Pro
"talent scout",Pro
"hr admin",Pro
"job analyst",Pro
"performance lead",Pro
"hr data",Pro
"chief talent",Pro
"talent strat",Pro
"learning lead",Pro
"emp wellness",Pro
"career coach",Pro
"hr compliance",Pro
"labor relations",Pro
"workplace lead",Pro
"workforce pro",Pro
"work-life pro",Pro
"hr",Pro
"hr manager",Pro
"recruit",Pro
"recruiting",Pro
"hiring",Pro
"emp",Pro
"job",Pro
"talent",Pro
"chief",Pro
"manager",Pro
"lead",Pro
"employee",Pro
"director",Pro
"staff",Pro
"specialist",Pro
"analyst",Pro
"coordinator",Pro
"consultant",Pro
"director of hr",Pro
"vp of hr",Pro
"hr partner",Pro
"director of recruitment",Pro
"head of talent",Pro
"talent acquisition",Pro
"hr business partner",Pro
"chief people officer",Pro
"senior hr manager",Pro
"hr executive",Pro
"hr director",Pro
"people strategist",Pro
"people operations",Pro
"diversity lead",Pro
"recruitment specialist",Pro
"hr operations manager",Pro
"recruitment manager",Pro
"employment consultant",Pro
"talent management",Pro
"employee relations manager",Pro
"training and development",Pro
"senior recruiter",Pro
"hr generalist",Pro
"compensation manager",Pro
"hr business leader",Pro
"performance manager",Pro
"organizational development",Pro
"hr associate",Pro
"workforce planner",Pro
"talent development specialist",Pro
"recruiting coordinator",Pro
"hr analytics",Pro
"employment specialist",Pro
"learning and development",Pro
"employee engagement manager",Pro
"senior employment advisor",Pro
"job fair organizer",Pro
"recruiting advisor",Pro
"diversity officer",Pro
"hr analyst",Pro
"career development advisor",Pro
"recruiting specialist",Pro
"workforce manager",Pro
"human resources",Pro
"Just here to see some cool stuff!",Fun
"Looking for something fun, no work talk pls!",Fun
"Your cousin, ready for a laugh",Fun
"Friend here, ready for the fun part!",Fun
"Show me something fun, I’m bored!",Fun
"Surprise me, I’m here for fun",Fun
"No business, just here for fun stuff",Fun
"Show me the fun page, buddy!",Fun
"I’m not here for work, let’s have some fun",Fun
"Family member in need of entertainment",Fun
"Your old friend, just looking for fun",Fun
"Here to chill, not to work",Fun
"Casual browsing, nothing serious",Fun
"Curious to see your fun side!",Fun
"Here for the fun, let’s see what you’ve got!",Fun
"Give me something to laugh about",Fun
"I’m here to relax, no work stress",Fun
"Show me what’s fun around here!",Fun
"No formalities, just fun times!",Fun
"Your friend, show me something cool",Fun
"Where’s the fun stuff?",Fun
"Here for some fun content, not work",Fun
"Looking for a break from the serious stuff",Fun
"I’m here for laughs and good vibes",Fun
"Just having fun, no business here",Fun
"Give me something light and fun!",Fun
"Looking for something fun and entertaining",Fun
"Just here to chill and have fun",Fun
"Your buddy, looking for fun stuff!",Fun
"Here for the good vibes, no work today",Fun
"Give me the fun page, no work talk",Fun
"Browsing for fun, not work!",Fun
"Show me something exciting!",Fun
"No work mode, only fun mode!",Fun
"Just having fun, bring it on!",Fun
"I’m here to see what’s fun!",Fun
"Give me something funny or cool",Fun
"Here for a lighthearted page!",Fun
"Show me the fun side of things",Fun
"Just chilling, let’s have fun!",Fun
"Looking for the fun part of your page",Fun
"No work stuff, just fun!",Fun
"Family here, what fun stuff do you have?",Fun
"Friend mode activated, show me the fun!",Fun
"I’m ready for fun, no serious stuff",Fun
"Show me something cool and fun",Fun
"I’m in the mood for fun content!",Fun
"Looking for some entertainment",Fun
"Show me the non-work stuff",Fun
"Just a friend looking for fun times",Fun
"Give me something entertaining!",Fun
"Not here for business, here for fun",Fun
"Your pal, ready for fun!",Fun
"Looking for something light and easy",Fun
"Show me the fun part of your website",Fun
"Just a friend here for laughs!",Fun
"Looking for some funny content",Fun
"I’m here for fun, no work stress",Fun
"No business here, only fun stuff!",Fun
"Where’s the fun section?",Fun
"Just here for entertainment",Fun
"Looking for a good laugh",Fun
"Show me the fun side of things",Fun
"Your friend, looking for fun!",Fun
"No work, just here for some fun!",Fun
"Here for some laughs and good vibes!",Fun
"Let’s skip the serious stuff, show me fun!",Fun
"Ready for the fun page!",Fun
"I’m just chilling, show me fun!",Fun
"Looking for the fun content on your site",Fun
"No work please, just something fun!",Fun
"I’m here for the good times, not work",Fun
"Show me the fun side of your website",Fun
"Not in work mode, show me fun",Fun
"Looking for some light, fun content",Fun
"Where’s the fun stuff at?",Fun
"Ready to have some fun on your site!",Fun
"Give me the fun, no business today!",Fun
"Browsing for something fun, not work!",Fun
"Show me the entertainment!",Fun
"I’m here for fun and laughs",Fun
"Not here for work, just fun!",Fun
"Show me the fun page please!",Fun
"Looking for a good time on your site!",Fun
"No formalities, show me fun",Fun
"I’m in fun mode, no work stuff!",Fun
"Show me something fun and cool",Fun
"Looking for a fun break!",Fun
"No work, just fun!",Fun
"Where’s the fun page?",Fun
"I’m here for entertainment!",Fun
"Looking for something lighthearted",Fun
"Just here for some laughs",Fun
"I’m ready for fun content!",Fun
"Looking for fun, not work!",Fun
"Show me something entertaining",Fun
"Not interested in business, just fun",Fun
"Here for a fun page, not a serious one",Fun
"Give me the fun stuff!",Fun
"I’m in the mood for fun content!",Fun
"Just looking for something fun today!",Fun
"Here to have a laugh, not work.",Fun
"Friend here, ready for some fun!",Fun
"I’m in fun mode, no serious stuff.",Fun
"Bring me something funny!",Fun
"I’m not here for work, show me fun.",Fun
"Here for some entertainment, no business.",Fun
"Friend vibes only, show me fun!",Fun
"Here for laughs, not spreadsheets!",Fun
"What’s fun on this site?",Fun
"Show me something cool and lighthearted.",Fun
"No work, just here for the good stuff.",Fun
"I’m a friend, looking for fun!",Fun
"Let’s skip the work and go straight to fun!",Fun
"I’m here for some good times.",Fun
"Show me what’s fun around here!",Fun
"No business today, just fun vibes.",Fun
"Looking for a good time on your page.",Fun
"Friend mode on, what fun stuff do you have?",Fun
"I’m here to relax, no serious talk!",Fun
"Give me some light and funny content!",Fun
"I need a break, where’s the fun?",Fun
"I’m ready for some casual fun!",Fun
"Show me something entertaining!",Fun
"Here to laugh, not to work!",Fun
"I’m here for good vibes and fun.",Fun
"Show me the fun part, not the business stuff!",Fun
"Friend stopping by for fun!",Fun
"Let’s keep it casual and fun!",Fun
"No need for business, show me the fun stuff.",Fun
"Here to chill, no work required!",Fun
"Looking for something to laugh about!",Fun
"Not here to work, just to enjoy!",Fun
"Show me the cool and casual content.",Fun
"Here for entertainment, not the professional stuff.",Fun
"Looking for fun content, no work today.",Fun
"I’m just here for fun!",Fun
"No business, just fun!",Fun
"Give me the light-hearted stuff!",Fun
"I’m your friend, where’s the fun page?",Fun
"In the mood for fun!",Fun
"Looking for some good times on your site!",Fun
"I’m not here for serious content, just fun.",Fun
"What’s fun here today?",Fun
"Casual browsing for fun!",Fun
"Show me something light and fun!",Fun
"I’m here for the laughs, no stress!",Fun
"Fun page, please! No work!",Fun
"Let’s keep things fun and light.",Fun
"Here for a laugh, not work stress.",Fun
"Show me the fun side of things!",Fun
"Just here to have some fun!",Fun
"I’m a friend, show me what’s fun!",Fun
"Fun time, no work time!",Fun
"No business, just something funny!",Fun
"Give me a break with something fun!",Fun
"Show me the fun side, no formalities.",Fun
"Here to have a good time!",Fun
"Not here for business, just for fun!",Fun
"In the mood for fun content!",Fun
"Just a friend here for laughs.",Fun
"Fun stuff only, no business here!",Fun
"Give me the good vibes!",Fun
"I’m ready for some fun content!",Fun
"Looking for a fun break.",Fun
"No work talk, only fun!",Fun
"Friend mode, show me fun content!",Fun
"Where’s the fun stuff on this site?",Fun
"Show me something light and entertaining.",Fun
"Here for fun and nothing serious!",Fun
"Not in the mood for work, show me fun!",Fun
"I’m a friend, just looking for a good time.",Fun
"No work today, just here for fun!",Fun
"Show me the fun side of your page.",Fun
"Looking for some entertainment.",Fun
"Here for a fun break!",Fun
"I’m in fun mode, no serious stuff!",Fun
"Show me the non-work stuff.",Fun
"No formalities, show me the fun!",Fun
"Just a casual friend, here for fun!",Fun
"Where’s the fun content at?",Fun
"I’m here to have a good time!",Fun
"Give me some lighthearted content!",Fun
"Just here for a fun page!",Fun
"Let’s skip the work, bring on the fun!",Fun
"Show me something cool and casual!",Fun
"In the mood for some fun, not work!",Fun
"Looking for a fun page, no work today.",Fun
"Friend vibes, show me the fun side.",Fun
"Just here for some laughs!",Fun
"Fun mode on, no serious content.",Fun
"Show me something entertaining, not work-related!",Fun
"In need of a fun break!",Fun
"Not here to work, just for fun.",Fun
"Where’s the fun stuff, no work today!",Fun
"Ready for the fun side of your site!",Fun
"Friend stopping by for laughs!",Fun
"Show me something light and easy!",Fun
"Just here to chill, no stress.",Fun
"Fun only, please! No business.",Fun
"I’m here for a laugh, not work.",Fun
"Give me the fun stuff!",Fun
"Show me something exciting!",Fun
"I’m in chill mode, no work stuff!",Fun
"I’m ready for the fun page!",Fun
"Just here for good vibes!",Fun
"In the mood for something light.",Fun
"No work here, just fun content!",Fun
"Fun time! No stress!",Fun
"Looking for something light and funny.",Fun
"I’m here for fun, not business.",Fun
"Ready for some entertainment!",Fun
"Show me the fun stuff, please!",Fun
"Not in the mood for work, show me fun!",Fun
"Here to relax, not work.",Fun
"Show me something fun and casual.",Fun
"Just a friend here for fun times!",Fun
"Looking for the non-work content!",Fun
"I’m here for fun, where’s the page?",Fun
"Friend mode activated, show me fun.",Fun
"Where’s the fun content on this site?",Fun
"Ready for some laughs, no work!",Fun
"Show me something casual!",Fun
"Here for the good times!",Fun
"Friend vibes only, show me fun!",Fun
"Let’s keep it fun and light!",Fun
"Show me the fun side of your site!",Fun
"Looking for a fun break!",Fun
"No work mode, just fun mode!",Fun
"Friend here, looking for fun!",Fun
"Where’s the good vibes?",Fun
"Show me something fun, no work!",Fun
"No business, just here for some laughs!",Fun
"I’m in fun mode, no work stuff!",Fun
"Here to chill and have fun.",Fun
"I’m ready for the fun side!",Fun
"Friend checking in for some fun!",Fun
"Just here to relax, no work stress.",Fun
"Where’s the fun part of the site?",Fun
"I’m here for good vibes and fun!",Fun
"Show me the fun page, not the business!",Fun
"In need of some casual fun!",Fun
"Friend mode on, what fun do you have?",Fun
"Ready for the fun side of your page!",Fun
"Show me something fun and light!",Fun
"Just here for laughs!",Fun
"No work, just fun content!",Fun
"Friend stopping by for fun times!",Fun
"Where’s the fun stuff?",Fun
"In need of some fun content!",Fun
"Show me the fun side!",Fun
"Fun mode, no business!",Fun
"Looking for a laugh, not work.",Fun
"Friend here, just chilling!",Fun
"Where’s the fun page?",Fun
"Show me something lighthearted!",Fun
"I’m just here for fun!",Fun
"No work today, only fun!",Fun
"Ready for the fun part!",Fun
"Looking for something fun and casual.",Fun
"Just here for fun vibes!",Fun
"Show me something entertaining!",Fun
"In the mood for fun!",Fun
"Friend stopping by for some fun!",Fun
"Looking for the fun part of your site!",Fun
"Ready for some fun, no work today!",Fun
"Where’s the fun stuff? No work!",Fun
"Friend here for fun times!",Fun
"Just looking for some entertainment!",Fun
"Give me the fun page, no work!",Fun
"In fun mode, show me the good stuff!",Fun
"I’m here for laughs and good vibes!",Fun
"Looking for the fun content!",Fun
"Show me the fun side of things!",Fun
"Friend mode on, let’s have fun!",Fun
"Just here to have a good time!",Fun
"No business, only fun today!",Fun
"Friend here, looking for fun content!",Fun
"Show me something light and fun!",Fun
"I’m in the mood for fun today!",Fun
"Here for the good vibes!",Fun
"No work, just looking for fun!",Fun
"Give me something entertaining!",Fun
"Just here for fun content!",Fun
"Show me something cool and fun!",Fun
"I’m here for the fun part!",Fun
"Not here for work, just fun stuff!",Fun
"Show me the good times!",Fun
"Friend mode activated, ready for fun!",Fun
"Just here for laughs!",Fun
"Show me the fun page, no work please!",Fun
"Looking for a break from serious stuff!",Fun
"Fun content only, no business today!",Fun
"Here to chill and enjoy!",Fun
"No business, only fun vibes!",Fun
"Friend here, where’s the fun stuff?",Fun
"I’m ready for the fun page!",Fun
"In fun mode, no work stress!",Fun
"Here for a good time, not work!",Fun
"Just here for the fun part of the site!",Fun
"Here for fun stuff.",Fun
"Brother, looking for a laugh.",Fun
"Cousin, show me something fun.",Fun
"Just here for good vibes.",Fun
"Friend, ready for some fun!",Fun
"Family, looking for fun.",Fun
"Here for a good time, no work.",Fun
"Brother here, show me the fun page.",Fun
"Friend, not work, just fun!",Fun
"Cousin, what's fun here?",Fun
"Family vibes, show me the fun side.",Fun
"No work, just want fun.",Fun
"Just a friend, where’s the fun?",Fun
"Looking for something funny.",Fun
"Cousin, here for fun.",Fun
"Brother checking in for some laughs.",Fun
"Just family, show me fun!",Fun
"Friend here for some fun.",Fun
"Not here for work, just fun.",Fun
"Brother here, let's have some fun.",Fun
"Friend, show me something funny!",Fun
"Here to chill, no serious stuff.",Fun
"Just here for laughs, nothing serious.",Fun
"Family, show me the fun page.",Fun
"Cousin here, just having fun.",Fun
"Not in the mood for work, fun only!",Fun
"Show me something cool!",Fun
"Here for fun, not work.",Fun
"Just family, show me the good stuff.",Fun
"Brother vibes, what’s fun here?",Fun
"Here to laugh, no work.",Fun
"Cousin, ready for some fun!",Fun
"Not working, just having fun.",Fun
"Family here, what fun stuff you got?",Fun
"Friend mode, looking for fun.",Fun
"Here for a laugh, not for work.",Fun
"Cousin, here to see what’s fun.",Fun
"Show me the fun page, not the work stuff.",Fun
"No serious business, just fun!",Fun
"Brother here, ready for a laugh.",Fun
"Here to relax, no work talk.",Fun
"Friend, just here for a good time!",Fun
"Family, show me the fun stuff!",Fun
"Cousin here, no work talk, just fun.",Fun
"Friend, where’s the fun page?",Fun
"Show me something cool, no business.",Fun
"Family here, what’s funny?",Fun
"Not here to work, just want fun.",Fun
"Cousin here for some fun stuff.",Fun
"Brother, let’s keep it fun!",Fun
"Here for laughs, no work.",Fun
"Family, show me the good vibes.",Fun
"Friend mode, what fun stuff you got?",Fun
"Brother here, not working!",Fun
"Looking for fun, no stress.",Fun
"Just here to chill, no work.",Fun
"Friend, give me some fun stuff.",Fun
"Cousin, no work, just fun!",Fun
"Here to laugh, show me something funny!",Fun
"Not here for work, just for fun.",Fun
"Family, what fun stuff is here?",Fun
"Brother vibes, ready for fun!",Fun
"Looking for fun, no business.",Fun
"Friend, just chilling, show me fun.",Fun
"Cousin here, looking for a laugh!",Fun
"No work, just fun content.",Fun
"Friend, ready for fun times.",Fun
"Just here for good vibes!",Fun
"Family here, show me some fun!",Fun
"Brother, here to laugh.",Fun
"Looking for fun, no serious stuff.",Fun
"Cousin vibes, show me the fun side.",Fun
"Friend mode activated, fun only!",Fun
"Just family, not here for work.",Fun
"Brother here, what fun stuff you got?",Fun
"Family vibes, ready for fun.",Fun
"Not here for work, just good times.",Fun
"Cousin, here for some laughs.",Fun
"Friend here, just for the fun part!",Fun
"Brother, let’s have some fun!",Fun
"Show me the fun stuff, not business.",Fun
"Looking for some good times!",Fun
"Family here, no work talk.",Fun
"Cousin vibes, ready for some fun.",Fun
"Friend, just here for a good time.",Fun
"Here for fun stuff, not business.",Fun
"Brother here, not working!",Fun
"Looking for something fun and light.",Fun
"Just family, show me the fun stuff.",Fun
"Friend, ready for a laugh!",Fun
"Brother, show me the fun part!",Fun
"Looking for fun, no serious talk.",Fun
"Family, show me some cool stuff.",Fun
"Friend, not here for work.",Fun
"Cousin, looking for fun times!",Fun
"Here to chill, no business!",Fun
"Family here, ready for fun.",Fun
"Cousin, not here for work!",Fun
"Looking for some fun, no work.",Fun
"Friend, what fun stuff you got?",Fun
"Just family, ready for laughs!",Fun
"Brother here, let’s have fun!",Fun
"Here for a fun time, no business.",Fun
"Friend, no work, just fun.",Fun
"Looking for something cool!",Fun
"Family vibes, let’s keep it fun.",Fun
"Cousin, what fun stuff is here?",Fun
"Not here for work, just fun!",Fun
"Friend, show me the fun part!",Fun
"Family, no serious talk, just fun!",Fun
"Here to laugh, no business.",Fun
"Cousin, just here for some fun!",Fun
"Looking for fun stuff!",Fun
"Friend, show me the fun page.",Fun
"Brother here, not in work mode!",Fun
"Family, ready for fun!",Fun
"Cousin, here to have fun!",Fun
"Just here for laughs!",Fun
"Brother vibes, show me fun.",Fun
"Not working, just chilling!",Fun
"Friend, let’s keep it fun!",Fun
"Cousin, looking for something fun.",Fun
"Family vibes, what fun stuff you got?",Fun
"Not in work mode, just here for fun.",Fun
"Friend here, just having fun.",Fun
"Brother, let’s see the fun side.",Fun
"Here for fun, no business.",Fun
"Cousin, ready for some fun times!",Fun
"Family, not working, just fun!",Fun
"Brother, where’s the fun page?",Fun
"Friend, just here for laughs!",Fun
"Looking for fun, no stress.",Fun
"Cousin, here to chill!",Fun
"Family, looking for some fun!",Fun
"Friend, what fun stuff do you have?",Fun
"Not here for work, show me fun!",Fun
"Cousin, looking for fun content.",Fun
"Brother here, show me the fun!",Fun
"Family here, what fun do you have?",Fun
"Friend, show me something fun!",Fun
"Looking for fun, no work today.",Fun
"Cousin, let’s have some laughs!",Fun
"Family vibes, here for a good time!",Fun
"Brother, just here for fun!",Fun
"Friend, where’s the fun stuff?",Fun
"Looking for some fun content!",Fun
"Family, show me something cool!",Fun
"Cousin, ready for fun!",Fun
"Brother here, let’s keep it fun!",Fun
"Friend mode, ready for fun times!",Fun
"Brother.",Fun
"Here to chill.",Fun
"Family.",Fun
"Show me fun stuff.",Fun
"Friend, fun pls.",Fun
"Bro.",Fun
"Cousin.",Fun
"Fun page?",Fun
"Here for laughs.",Fun
"Friend.",Fun
"What's fun here?",Fun
"Just family.",Fun
"Looking for fun.",Fun
"Bro, show fun.",Fun
"Fun stuff.",Fun
"No work, fun pls.",Fun
"Family, fun?",Fun
"What's fun?",Fun
"Friend looking for fun.",Fun
"Cousin, show fun.",Fun
"Show me something fun.",Fun
"Here for a laugh.",Fun
"Family here.",Fun
"Fun time.",Fun
"No serious stuff.",Fun
"Bro, fun!",Fun
"Here to laugh.",Fun
"Family vibes.",Fun
"What fun here?",Fun
"Just here for fun.",Fun
"Show fun page.",Fun
"Friend here.",Fun
"Ready for fun.",Fun
"Cousin vibes.",Fun
"Where’s the fun?",Fun
"Bro here.",Fun
"Here for fun stuff.",Fun
"Cousin, fun only.",Fun
"Family fun.",Fun
"Just family, no work.",Fun
"Fun vibes.",Fun
"Need some laughs.",Fun
"Bro, no work.",Fun
"Just chillin'.",Fun
"Cousin ready for fun.",Fun
"Friend here, fun.",Fun
"Not working, fun pls.",Fun
"Here for a good time.",Fun
"Fun only.",Fun
"Just here for a laugh.",Fun
"Brother vibes.",Fun
"Looking for fun only.",Fun
"Cousin, no business.",Fun
"Show me laughs.",Fun
"Just here to laugh.",Fun
"Family fun.",Fun
"Bro here, fun?",Fun
"Friend, show me fun.",Fun
"No work, fun only.",Fun
"Family vibes, fun?",Fun
"Bro, fun page?",Fun
"Just fun.",Fun
"Here to chill.",Fun
"Here for fun vibes.",Fun
"Need laughs.",Fun
"Family, no business.",Fun
"Bro here, no work.",Fun
"What’s fun?",Fun
"Fun mode.",Fun
"No work today.",Fun
"Just chillin', fun pls.",Fun
"Friend vibes.",Fun
"Show fun stuff.",Fun
"Fun stuff only.",Fun
"Bro, fun pls.",Fun
"Cousin vibes, fun.",Fun
"Family, fun side.",Fun
"Bro, where’s the fun?",Fun
"Not working.",Fun
"Friend mode, fun pls.",Fun
"Family, fun only.",Fun
"Bro, no work.",Fun
"Need fun.",Fun
"Just here for fun.",Fun
"Friend mode.",Fun
"Here to chill, fun.",Fun
"Fun mode activated.",Fun
"Family, fun part.",Fun
"Looking for fun.",Fun
"Bro, fun stuff.",Fun
"Just vibes.",Fun
"Chillin', show fun.",Fun
"Here for laughs.",Fun
"Cousin vibes.",Fun
"Just family, fun pls.",Fun
"Here for a laugh.",Fun
"Bro, fun only.",Fun
"Fun side only.",Fun
"Chillin', fun pls.",Fun
"Looking for fun vibes.",Fun
"Neighbor here, what's fun?",Fun
"Just here for good vibes",Fun
"Roommate checking in for fun.",Fun
"bring on the laughs!",Fun
"Just chillin, what u got?",Fun
"Ready for some epic fun!!",Fun
"Friend looking for meme-worthy stuff.",Fun
"What's the party at?",Fun
"Here for good times",Fun
"Fun stuff only pls!",Fun
"Classmate from the good old days",Fun
"Need something to lol at.",Fun
"What’s the joke of the day?",Fun
"Fun pls, no boring vibes!",Fun
"Coworker here for the laughs",Fun
"Show me the fun zone!",Fun
"Cuz here, where's the party?",Fun
"Broski in the house! Fun time?",Fun
"What memes u got?",Fun
"Friend, need some lol-worthy fun.",Fun
"Where's the fun, fam?",Fun
"Ready for fun content",Fun
"Just in for the jokes.",Fun
"Dude, I need a laugh.",Fun
"Fun stuff? On my way!",Fun
"Y'all got memes?",Fun
"Laugh time!",Fun
"Need to see something fun rn.",Fun
"Here for a good time, not a long time.",Fun
"Roommate here, meme it up!",Fun
"Hit me with the fun!",Fun
"Here for the bants.",Fun
"Show me the good vibes",Fun
"Broski looking for a laugh.",Fun
"Need some lols asap.",Fun
"Give me the fun zone!",Fun
"Bored, hit me with the fun pls.",Fun
"Lol, what fun stuff is here?",Fun
"Ready to see the fun page",Fun
"Need laughs or I die",Fun
"What’s the fun content like?",Fun
"Friend here to see funny stuff.",Fun
"Bring on the memes!",Fun
"Cousin looking for giggles.",Fun
"On the lookout for fun.",Fun
"where's the fun?",Fun
"Ready to ROFL",Fun
"Fun pls, no drama.",Fun
"Fam checking in for fun",Fun
"Show me the giggles.",Fun
"Looking for something to lmao at.",Fun
"Colleague in for a fun break.",Fun
"Friend needing fun vibes",Fun
"No work talk pls, fun stuff!",Fun
"Cousin here, just fun pls.",Fun
"What's up, looking for fun.",Fun
"Who’s got the jokes?",Fun
"Hit me with fun.",Fun
"Meme master here for fun.",Fun
"Chillin', show me some fun stuff.",Fun
"Here to vibe, nothing serious.",Fun
"Roommate here for fun.",Fun
"Bestie here, show me the fun!",Fun
"Fam in for a laugh",Fun
"What kinda fun stuff u got?",Fun
"Bestie needing fun ASAP!",Fun
"Need a distraction, hit me up.",Fun
"Boss, show me the fun.",Fun
"Just here to laugh, nothing else.",Fun
"Can you make me LOL?",Fun
"show me something funny!",Fun
"Vibe check: fun pls.",Fun
"Need to take a fun break!",Fun
"Here to laugh at something good.",Fun
"Drop the fun!",Fun
"Show me the fun zone",Fun
"Ready to vibe with fun!",Fun
"Dude, where's the fun?",Fun
"What's happening here, any fun?",Fun
"In need of fun ASAP.",Fun
"Bro, need something fun.",Fun
"Roommate check-in, need fun.",Fun
"Here for the lolz.",Fun
"Looking for a fun distraction!",Fun
"meme break pls.",Fun
"Bestie check-in, hit me with fun.",Fun
"Bro, fun time?",Fun
"Cuz here, what's funny?",Fun
"Ready to see the fun side!",Fun
"Send memes, pls.",Fun
"No work mode, show me fun.",Fun
"Where the fun stuff at?",Fun
"Give me the laughs!",Fun
"What's here to LOL at?",Fun
"Just fam, need fun.",Fun
"Dude, what's fun here?",Fun
"Vibe check: need some fun.",Fun
"Looking for jokes.",Fun
"Fun mode activated!",Fun
"Where’s the good times at?",Fun
"Cousin, just here for fun",Fun
"I'm your old buddy from school",Fun
"Long time no see, let's catch up!",Fun
"It's me, your childhood friend",Fun
"I'm your gaming partner",Fun
"Friend from uni, looking to chill",Fun
"Your karaoke buddy!",Fun
"We're gym buddies, let's hang",Fun
"Just here for a good laugh",Fun
"Bro, wanna go for a drink?",Fun
"Your bestie from forever",Fun
"High school mate, how's it going?",Fun
"Old classmate, let's reconnect",Fun
"Just here for the fun page",Fun
"I'm your movie night friend",Fun
"Neighbour from back in the day",Fun
"Your old roommate",Fun
"It's your buddy from the weekend crew",Fun
"Cousin from dad’s side",Fun
"Fam here, what’s up?",Fun
"Auntie, checking in!",Fun
"Your childhood neighbour",Fun
"That friend who always texts you memes",Fun
"Former teammate, looking to hang",Fun
"Travel buddy from ages ago",Fun
"Hey, it’s me, your hiking pal",Fun
"Uncle from mum’s side, saying hi",Fun
"Childhood best friend",Fun
"That guy from your soccer team",Fun
"Study buddy from high school",Fun
"Old camp mate",Fun
"Coffee friend here, when are we going?",Fun
"Uni classmate, looking for fun",Fun
"Football teammate",Fun
"It’s me, your comic book buddy",Fun
"Your board game partner",Fun
"The guy from gym class",Fun
"Just your regular buddy",Fun
"Pub night friend",Fun
"BBQ mate",Fun
"College roommate, what’s up?",Fun
"Sibling, just here for fun",Fun
"Cousin, what’s new?",Fun
"Gym buddy",Fun
"Your old flatmate",Fun
"Uncle here, stopping by!",Fun
"Brother, just dropping in",Fun
"Your poker night friend",Fun
"Someone from the book club",Fun
"Cousin here, looking for a laugh",Fun
"Your karaoke pal",Fun
"Hey, it’s your beach buddy",Fun
"Sibling checking in",Fun
"Your hiking friend",Fun
"The one who loves board games",Fun
"Travel buddy, how’s life?",Fun
"Your local cafe friend",Fun
"Friend from back home",Fun
"Your cousin from across the globe",Fun
"Old work friend",Fun
"Gym mate",Fun
"Your go-to adventure partner",Fun
"High school mate",Fun
"Pub crawl buddy",Fun
"Family, looking for fun",Fun
"Your Saturday brunch friend",Fun
"It’s your pub quiz partner",Fun
"Your cousin who loves pizza",Fun
"School buddy, want to chill?",Fun
"Your mate from hiking trips",Fun
"Cousin from across town",Fun
"The one from your local club",Fun
"School mate",Fun
"Your old party buddy",Fun
"Brother, looking for a laugh",Fun
"Long-time friend, here for fun",Fun
"Childhood friend, still in touch",Fun
"Cousin just here to chill",Fun
"Your gym partner",Fun
"Travel partner from back then",Fun
"Someone from your sports team",Fun
"Just an old friend",Fun
"Pub mate from the weekend crew",Fun
"Old friend, looking to catch up",Fun
"Cousin from mum’s side",Fun
"Your BBQ buddy",Fun
"Hey, it’s me, the travel buddy",Fun
"College friend, up for fun",Fun
"Your road trip partner",Fun
"Best friend from school",Fun
"Cousin, looking for a laugh",Fun
"Board game friend",Fun
"High school buddy",Fun
"Just here for fun, it’s me",Fun
"Your childhood friend from next door",Fun
"That person who always shows up to parties",Fun
"The cousin who’s into movies",Fun
"Football mate",Fun
"Cousin, still down for fun",Fun
"Your festival buddy",Fun
"Family member, looking to hang",Fun
"Someone from your yoga class",Fun
"Your friend from the hiking group",Fun
"Old work mate",Fun
"Coffee mate from back home",Fun
"Brother from the same house",Fun
"Cousin here for some laughs",Fun
"Hey, it’s your old buddy",Fun
"Just here for the fun stuff",Fun
"Someone who’s been around forever",Fun
"Family, checking in",Fun
"Your summer camp buddy",Fun
"Friend from the good ol’ days",Fun
"Your music festival partner",Fun
"Neighbour, what’s up?",Fun
"Brother, looking for fun",Fun
"Just an old travel buddy",Fun
"Sister, saying hi!",Fun
"BBQ partner from back then",Fun
"Friend from that road trip",Fun
"Cousin, stopping by",Fun
"Your chill-out buddy",Fun
"Aunt, just looking to have fun",Fun
"Long-lost cousin here!",Fun
"Family, just looking to have fun",Fun
"Your teammate from sports days",Fun
"Cousin from another city",Fun
"Your Sunday brunch friend",Fun
"Friend from your summer camp",Fun
"Cousin, looking for fun",Fun
"Your go-to for karaoke nights",Fun
"BBQ buddy here",Fun
"Travel buddy, still up for fun",Fun
"Brother, checking in for laughs",Fun
"High school friend",Fun
"Old football teammate",Fun
"Your local coffee buddy",Fun
"Friend from uni",Fun
"Childhood friend from the neighbourhood",Fun
"Cousin from far away",Fun
"Family friend",Fun
"Old teammate",Fun
"Travel buddy from high school",Fun
"Your bestie from back in the day",Fun
"Childhood mate",Fun
"Just an old mate",Fun
"Family, what’s going on?",Fun
"Cousin here for fun",Fun
"Friend from that road trip ages ago",Fun
"Cousin from dad’s side",Fun
"That crazy cousin you haven't seen in years",Fun
"It’s me, your secret Santa from last year!",Fun
"The guy who always brings snacks to the party",Fun
"Cousin from dad's third wedding",Fun
"I'm your ex-roommate's best friend",Fun
"Former neighbor, ready to reminisce",Fun
"The sibling who always takes your clothes",Fun
"Your karaoke rival from the office",Fun
"I’m that friend who never texts back",Fun
"Cousin who only shows up for holidays",Fun
"That mate who always cancels plans",Fun
"I'm your go-to coffee shop buddy",Fun
"Cousin from the awkward family reunion",Fun
"The one who crashed your last BBQ",Fun
"It's me, your favourite drinking buddy",Fun
"Old friend from the football team",Fun
"The guy who stole your seat at the wedding",Fun
"The one who brought a plus-one to your party",Fun
"Cousin who lives too far for regular visits",Fun
"Your childhood partner in crime",Fun
"That friend who always forgets your birthday",Fun
"I'm the buddy who never stops talking",Fun
"Your cousin with all the cool tech gadgets",Fun
"The random friend from your gap year",Fun
"The one who always has a funny story",Fun
"Your trivia night teammate",Fun
"Cousin you only see at weddings",Fun
"The neighbour who borrowed your lawnmower",Fun
"Your old pub crawl friend",Fun
"It's your long-lost festival partner",Fun
"The one who showed up late to the road trip",Fun
"I'm the guy who ate all your snacks",Fun
"Cousin who shares memes non-stop",Fun
"The friend who can't cook but tries",Fun
"I'm your backup bestie",Fun
"That mate who always picks the wrong movie",Fun
"The one who crashed your summer BBQ",Fun
"Cousin with a big travel bucket list",Fun
"The friend who’s always there for karaoke",Fun
"Your partner in board game crime",Fun
"It’s me, your lost festival buddy",Fun
"The cousin who makes family gatherings interesting",Fun
"The friend you only see at weddings",Fun
"I'm the one who’s always up for a road trip",Fun
"Your brunch date from last weekend",Fun
"The family member who always brings dessert",Fun
"Cousin who gives the best travel tips",Fun
"Your gym partner who never misses a session",Fun
"I'm the one who always forgets to RSVP",Fun
"The friend who brings a new board game every time",Fun
"Cousin from across the ocean",Fun
"Your trivia night MVP",Fun
"The one who keeps winning at poker",Fun
"Your karaoke co-champion",Fun
"Cousin who knows the best restaurants",Fun
"That old friend who always has a weird story",Fun
"The friend who never lets you win at chess",Fun
"I’m the one who always forgets my wallet",Fun
"Your go-to person for spontaneous trips",Fun
"Cousin who gets all the jokes late",Fun
"The one who always asks for travel tips",Fun
"Your unofficial adventure planner",Fun
"That mate who eats all the pizza",Fun
"Your board game nemesis",Fun
"Cousin who always shows up at the last minute",Fun
"The one who overshares travel stories",Fun
"Your bestie from your book club",Fun
"The cousin who’s always up for karaoke",Fun
"I’m the one who never remembers the lyrics",Fun
"Your brunch buddy",Fun
"Cousin who loves long road trips",Fun
"The friend who always has an excuse to party",Fun
"Your gym buddy who never misses leg day",Fun
"Cousin who gives the worst movie recommendations",Fun
"The one who always picks the scariest movie",Fun
"I’m the one who brings snacks to game night",Fun
"The cousin who’s late to everything",Fun
"Your high school reunion plus-one",Fun
"The one who crashes every family event",Fun
"Cousin who’s a foodie",Fun
"Your road trip partner from last summer",Fun
"The one who never gets your jokes",Fun
"Your movie marathon buddy",Fun
"Cousin who still owes you money",Fun
"The friend who always brings the weird snacks",Fun
"Your karaoke challenger",Fun
"The cousin who brings all the good drinks",Fun
"The one who never texts back",Fun
"Your friend from a random party",Fun
"Cousin who’s always on the go",Fun
"The one who always gets lost on hikes",Fun
"I’m your official party planner",Fun
"Your travel guide from your last trip",Fun
"Cousin who’s got all the family dirt",Fun
"The friend who always wins at Monopoly",Fun
"The cousin who’s constantly traveling",Fun
"Your trivia night ace",Fun
"The one who taught you poker",Fun
"Cousin who’s always on a new diet",Fun
"Your bestie from the camping trip",Fun
"That mate who never packs enough for trips",Fun
"The friend who forgets their passport",Fun
"Your karaoke backup singer",Fun
"Cousin who never says no to dessert",Fun
"Your summer camp partner in crime",Fun
"The friend who can’t stay up past 10",Fun
"Cousin who knows all the family secrets",Fun
"The one who’s always missing from group photos",Fun
"Your trivia team captain",Fun
"Cousin who always asks for a recipe",Fun
"The one who shows up uninvited",Fun
"Cousin who loves road trips",Fun
"The one who always brings the playlist",Fun
"Your workout buddy",Fun
"Cousin who shows up with a surprise gift",Fun
"The friend who’s always on their phone",Fun
"Your movie night partner",Fun
"Cousin who talks through the whole movie",Fun
"The one who can never decide where to eat",Fun
"Your karaoke night MVP",Fun
"Cousin who never responds to texts",Fun
"The friend who always takes selfies",Fun
"Your brunch buddy",Fun
"Cousin who knows all the best food spots",Fun
"The friend who’s never on time",Fun
"Cousin with the best travel hacks",Fun
"The friend who never packs properly",Fun
"Your trivia rival",Fun
"The friend who always suggests pizza",Fun
"Cousin who’s an expert at board games",Fun
"The one who’s always there for karaoke night",Fun
"Your partner in karaoke crime",Fun
"Cousin who always orders extra fries",Fun
"Your poker partner",Fun
"The one who’s always late for brunch",Fun
"Cousin who suggests random weekend trips",Fun
"Your gym buddy",Fun
"Cousin who’s always up for a challenge",Fun
"Your movie marathon companion",Fun
"The one who overshares travel photos",Fun
"Cousin who’s always getting into adventures",Fun
"Your karaoke sidekick",Fun
"Cousin who’s never far from a new challenge",Fun
"Your trivia ace",Fun
"Cousin who can’t stop cracking jokes",Fun
"The one who forgets important dates",Fun
"Your partner in weekend adventures",Fun
"Cousin who’s always sharing family gossip",Fun
"The friend who crashes your plans",Fun
"Cousin with a knack for bad puns",Fun
"The one who never reads group texts",Fun
"Your trivia challenge buddy",Fun
"Cousin who’s obsessed with movies",Fun
"The one who’s always showing up unannounced",Fun
"Your go-to road trip friend",Fun
"Cousin who’s a pro at board games",Fun
"The one who never replies to messages",Fun
"Your camping trip buddy",Fun
"Cousin who’s a movie buff",Fun
"The one who’s always packing snacks",Fun
"Cousin who knows all the good restaurants",Fun
"The friend who’s always down for fun",Fun
"Cousin who plans all the family trips",Fun
"Your unofficial party planner",Fun
"The one who picks the perfect playlist",Fun
"Cousin who’s always got the snacks",Fun
"Your karaoke night regular",Fun
"The one who never misses a BBQ",Fun
"Cousin who’s always bringing dessert",Fun
"The friend who loves road trips",Fun
"Your trivia night champion",Fun
"Cousin who has all the family stories",Fun
"Your weekend brunch buddy",Fun
"Cousin who’s always first in line for fun",Fun
"Your movie marathon friend",Fun
"The one who never packs for trips",Fun
"Your camping partner",Fun
"Cousin who plans the best road trips",Fun
"The friend who loves to hike",Fun
"Cousin with the best travel stories",Fun
"Your go-to karaoke buddy",Fun
"The friend who brings weird snacks",Fun
"Cousin who always shows up at the last minute",Fun
"The one who never leaves without dessert",Fun
"Your bestie from karaoke night",Fun
"Cousin who’s always sharing memes",Fun
"Your high school reunion buddy",Fun
"Cousin who’s always looking for a laugh",Fun
"The one who shows up randomly",Fun
"Cousin who never says no to karaoke",Fun
"The friend who’s always up for fun",Fun
"Cousin who can’t stop talking about food",Fun
"Your travel buddy from the old days",Fun
"Cousin with the coolest travel hacks",Fun
"The friend who’s always ready for fun",Fun
"Cousin who’s never far from an adventure",Fun
"Your brunch date from last week",Fun
"Cousin who can’t stop laughing",Fun
"The one who always suggests a road trip",Fun
"Your old camping friend",Fun
"Brother",Fun
"Cousin",Fun
"Friend",Fun
"Pal",Fun
"Buddy",Fun
"Sister",Fun
"Roommate",Fun
"Neighbor",Fun
"Family",Fun
"Bestie",Fun
"your brother",Fun
"your cousin",Fun
"your old buddy",Fun
"high school friend",Fun
"your old roomie",Fun
"your best friend",Fun
"just me",Fun
"your neighbor from years ago",Fun
"friend from way back",Fun
"you know me",Fun
"your childhood friend",Fun
"your favorite cousin",Fun
"your old high school buddy",Fun
"I’m just your friend",Fun
"your bestie checking in",Fun
"family checking in",Fun
"cousin here, what’s up?",Fun
"your old roommate from college",Fun
"your old friend from work",Fun
"just someone who knows you",Fun
"your karaoke partner",Fun
"the guy you used to hang out with",Fun
"your movie marathon buddy",Fun
"someone you partied with",Fun
"your chess rival",Fun
"the person who always steals your fries",Fun
"your childhood nemesis turned friend",Fun
"the one who never pays for lunch",Fun
"your go-to buddy for advice",Fun
"your old road trip buddy",Fun
"the one who owes you coffee",Fun
"your pizza-sharing partner",Fun
"remember that crazy road trip?",Fun
"your old travel buddy",Fun
"the friend who crashed your couch",Fun
"someone who always makes you laugh",Fun
"your buddy from summer camp",Fun
"the one who beat you at Monopoly",Fun
"your friend from that wild party",Fun
"the person who’s always late",Fun
"your lil bro",Fun
"your big sis",Fun
"cousin checking in",Fun
"your annoying sibling",Fun
"your favorite niece",Fun
"your uncle’s favorite nephew",Fun
"family member popping by",Fun
"just your sister here",Fun
"your long-lost cousin",Fun
"your cousin from last family reunion",Fun
"bro",Fun
"sis",Fun
"family",Fun
"friend",Fun
"pal",Fun
"buddy",Fun
"me",Fun
"your roomie",Fun
"neighbor",Fun
"cousin",Fun
"hey, it’s me",Fun
"just your friend here",Fun
"someone you know",Fun
"your pal from work",Fun
"your neighbor back in the day",Fun
"it’s your favorite friend",Fun
"remember me from school?",Fun
"just an old friend",Fun
"it’s been a while",Fun
"you’ll know who I am",Fun
"just a buddy stopping by",Fun
"your school buddy from years ago",Fun
"someone who knows you well",Fun
"your closest friend",Fun
"your best friend from school",Fun
"that friend you always text",Fun
"your lunch buddy from work",Fun
"just here to say hi",Fun
"your friendly neighborhood pal",Fun
"you know who this is",Fun
"your go-to person for fun",Fun
"your favorite sibling",Fun
"just your family checking in",Fun
"that person from high school",Fun
"the friend you can always count on",Fun
"the person who knows all your secrets",Fun
"your old high school partner",Fun
"your roommate from college days",Fun
"the one who’s always around",Fun
"your favorite friend from childhood",Fun
"remember me? from that concert",Fun
"your trivia night partner",Fun
"we went to that festival together",Fun
"the friend you used to play video games with",Fun
"your partner in crime",Fun
"the one who helped you move",Fun
"remember the camping trip?",Fun
"your friend from that vacation",Fun
"we shared that pizza that one time",Fun
"your friend from that movie night",Fun
"bro here",Fun
"old pal",Fun
"school buddy",Fun
"ur cuz",Fun
"long-time friend",Fun
"fam here",Fun
"best friend",Fun
"u know me",Fun
"your cousin",Fun
"old friend",Fun
"just family",Fun
"your favorite cousin",Fun
"old school friend here",Fun
"it’s just me",Fun
"your old friend from work",Fun
"family member here",Fun
"your weekend buddy",Fun
"a friend from school",Fun
"someone who knows you well",Fun
"just someone from your past",Fun
"just your cuz",Fun
"hey it’s your pal",Fun
"I’m your neighbor from back in the day",Fun
"your childhood friend",Fun
"the one who sat next to you in class",Fun
"your favorite cousin",Fun
"the guy from the block",Fun
"the friend from high school",Fun
"your longtime friend",Fun
"a random friend from the past",Fun
"hey it's me!",Fun
"just your cousin",Fun
"remember me?",Fun
"your old friend here",Fun
"that guy from high school",Fun
"your movie buddy",Fun
"your childhood pal",Fun
"just your roommate",Fun
"the one who shared a pizza with you",Fun
"someone from your past",Fun
"it’s your karaoke buddy!",Fun
"just your pal from work",Fun
"your lunch buddy",Fun
"that friend from college",Fun
"someone who knows you well",Fun
"remember our road trip?",Fun
"your buddy from that event",Fun
"someone who used to hang out with you",Fun
"just your old friend",Fun
"someone who shared good times",Fun
"ur bro",Fun
"fam",Fun
"schoolmate",Fun
"ur bestie",Fun
"old buddy",Fun
"best friend",Fun
"pal from work",Fun
"ur cuz",Fun
"ur friend",Fun
"just fam",Fun
"it’s me",Fun
"old pal here",Fun
"your cousin",Fun
"just a buddy",Fun
"your sibling",Fun
"the guy from next door",Fun
"just a friend",Fun
"ur favorite cousin",Fun
"the one from school",Fun
"that fun guy",Fun
"old school friend",Fun
"bestie checking in",Fun
"just your cousin",Fun
"ur old neighbor",Fun
"your movie buddy",Fun
"old pal from work",Fun
"your karaoke partner",Fun
"just someone you know",Fun
"ur old childhood friend",Fun
"your sibling checking in",Fun
